index,MAE,RMSE,MAPE,Series_Number
XGBoost,37.92126028878348,44.72027177348988,6.613553189519701,1
Random Forest,51.533638238899826,55.33858936182219,8.930865322415674,1
LightGBM,18.799017545270747,23.960845000062577,3.295560933414006,1
Deep Learning,23.3006591796875,28.198990686450944,4.001879158308485,1
